{"IcoMoonType":"selection","icons":[{"icon":{"paths":["M1024 590.444l-512-397.426-512 397.428v-162.038l512-397.426 512 397.428zM896 576v384h-256v-256h-256v256h-256v-384l384-288z"],"tags":["home","house"],"defaultCode":59648,"grid":16,"attrs":[]},"attrs":[],"properties":{"ligatures":"home, house","name":"home","order":7,"id":1,"prevSize":32,"code":97},"setIdx":0,"setId":1,"iconIdx":0},{"icon":{"paths":["M0 1024c128-384 463-1024 1024-1024-263 211-384 704-576 704s-192 0-192 0l-192 320h-64z"],"tags":["quill","feather","write","edit"],"defaultCode":59655,"grid":16,"attrs":[]},"attrs":[],"properties":{"ligatures":"quill, feather","name":"quill","order":12,"id":8,"prevSize":32,"code":59655},"setIdx":0,"setId":1,"iconIdx":7},{"icon":{"paths":["M0 128v768h1024v-768h-1024zM192 832h-128v-128h128v128zM192 576h-128v-128h128v128zM192 320h-128v-128h128v128zM768 832h-512v-640h512v640zM960 832h-128v-128h128v128zM960 576h-128v-128h128v128zM960 320h-128v-128h128v128zM384 320v384l256-192z"],"tags":["film","video","movie","tape","play"],"defaultCode":59667,"grid":16,"attrs":[]},"attrs":[],"properties":{"ligatures":"film, video2","name":"film","order":9,"id":20,"prevSize":32,"code":59667},"setIdx":0,"setId":1,"iconIdx":19},{"icon":{"width":1152,"paths":["M224 128h-192c-17.6 0-32 14.4-32 32v704c0 17.6 14.4 32 32 32h192c17.6 0 32-14.4 32-32v-704c0-17.6-14.4-32-32-32zM192 320h-128v-64h128v64z","M544 128h-192c-17.6 0-32 14.4-32 32v704c0 17.6 14.4 32 32 32h192c17.6 0 32-14.4 32-32v-704c0-17.6-14.4-32-32-32zM512 320h-128v-64h128v64z","M765.088 177.48l-171.464 86.394c-15.716 7.918-22.096 27.258-14.178 42.976l287.978 571.548c7.918 15.718 27.258 22.098 42.976 14.178l171.464-86.392c15.716-7.92 22.096-27.26 14.178-42.974l-287.978-571.55c-7.92-15.718-27.26-22.1-42.976-14.18z"],"tags":["books","library","archive"],"defaultCode":59680,"grid":16,"attrs":[]},"attrs":[],"properties":{"ligatures":"books, library","name":"books","order":8,"id":33,"prevSize":32,"code":59680},"setIdx":0,"setId":1,"iconIdx":32},{"icon":{"width":1088,"paths":["M1024 960v-64h-64v-384h64v-64h-192v64h64v384h-192v-384h64v-64h-192v64h64v384h-192v-384h64v-64h-192v64h64v384h-192v-384h64v-64h-192v64h64v384h-64v64h-64v64h1088v-64h-64z","M512 0h64l512 320v64h-1088v-64l512-320z"],"tags":["library","bank","building"],"defaultCode":59681,"grid":16,"attrs":[]},"attrs":[],"properties":{"ligatures":"library2, bank","name":"library","order":14,"id":34,"prevSize":32,"code":59681},"setIdx":0,"setId":1,"iconIdx":33},{"icon":{"paths":["M64 192h896v192h-896zM64 448h896v192h-896zM64 704h896v192h-896z"],"tags":["menu","list","options","lines","hamburger"],"defaultCode":59837,"grid":16,"attrs":[]},"attrs":[],"properties":{"ligatures":"menu, list3","name":"menu","order":10,"id":190,"prevSize":32,"code":59837},"setIdx":0,"setId":1,"iconIdx":189},{"icon":{"paths":["M877.254 621.254l-320 320c-24.992 24.994-65.514 24.994-90.508 0l-320-320c-24.994-24.994-24.994-65.516 0-90.51 24.994-24.996 65.516-24.996 90.51 0l210.744 210.746v-613.49c0-35.346 28.654-64 64-64s64 28.654 64 64v613.49l210.746-210.746c12.496-12.496 28.876-18.744 45.254-18.744s32.758 6.248 45.254 18.746c24.994 24.994 24.994 65.514 0 90.508z"],"tags":["arrow-down","down","download","bottom"],"defaultCode":59966,"grid":16,"attrs":[]},"attrs":[],"properties":{"ligatures":"arrow-down2, down2","name":"arrow-down2","order":18,"id":319,"prevSize":32,"code":59966},"setIdx":0,"setId":1,"iconIdx":318},{"icon":{"paths":["M1024 512c0-282.77-229.23-512-512-512s-512 229.23-512 512 229.23 512 512 512 512-229.23 512-512zM96 512c0-229.75 186.25-416 416-416s416 186.25 416 416-186.25 416-416 416-416-186.25-416-416z","M317.256 354.744l-90.512 90.512 285.256 285.254 285.254-285.256-90.508-90.508-194.746 194.744z"],"tags":["circle-down","down","circle-bottom","arrow"],"defaultCode":59971,"grid":16,"attrs":[]},"attrs":[],"properties":{"ligatures":"circle-down, down3","name":"circle-down","order":17,"id":324,"prevSize":32,"code":59971},"setIdx":0,"setId":1,"iconIdx":323}],"height":1024,"metadata":{"name":"icomoon"},"preferences":{"showGlyphs":true,"showQuickUse":true,"showQuickUse2":true,"showSVGs":true,"fontPref":{"prefix":"icon-","metadata":{"fontFamily":"icomoon","majorVersion":1,"minorVersion":0},"metrics":{"emSize":1024,"baseline":6.25,"whitespace":50},"embed":false},"imagePref":{"prefix":"icon-","png":true,"useClassSelector":true,"color":0,"bgColor":16777215,"classSelector":".icon"},"historySize":50,"showCodes":true,"gridSize":16}}